{
  "rotation_matrix": [
    [
      -0.03620039672736466,
      0.9986561063442401,
      0.037087902854478716
    ],
    [
      -0.9643746748269532,
      -0.02517788167962557,
      -0.2633392504480397
    ],
    [
      -0.2620515556702345,
      -0.04529961959540749,
      0.9639901071252347
    ]
  ],
  "measured_axes": [
    [
      -0.07650549151513496,
      -0.9663556660332095,
      -0.2670874931744226
    ],
    [
      0.9965696980544068,
      0.014939529677191508,
      -0.04010888877389569
    ],
    [
      0.031555454168435325,
      -0.25677526590101357,
      0.9628372385980541
    ]
  ],
  "desired_axes": [
    [
      1.0,
      0.0,
      0.0
    ],
    [
      0.0,
      1.0,
      0.0
    ],
    [
      0.0,
      0.0,
      1.0
    ]
  ],
  "rms_error": 0.01934916629263425,
  "align_wrist_to_base": false
}
